Seq_A,Seq_B,RR,RP,LR,LP
P28069,Q04724,1.0,1.0,0.4443,0.722
P09471,O00167,0.6422,1.0,1.0,0.1766
O43739,P50148,0.7941,0.5259,0.9975,1.0
O43290,P83876,0.3554,0.9685,0.9375,0.7969
P51572,Q92575,1.0,0.9635,0.6682,0.089
P28482,P11802,0.1633,0.0812,1.0,0.8985
P25963,Q9H9D4,0.7129,1.0,0.987,0.8114
Q92844,Q12933,0.9205,0.757,0.7391,1.0
P36915,Q70SY1,1.0,0.702,0.3221,0.2523
P10398,P31749,0.7785,0.24,1.0,0.9852
P21246,Q7L311,0.513,1.0,0.4107,0.871
Q7Z6M1,P51149,0.6245,1.0,0.7938,1.0
Q5JTD0,Q9Y624,1.0,1.0,1.0,1.0
Q01094,Q15796,0.4764,0.0848,1.0,1.0
P18848,Q8TBX8,0.9829,0.4087,0.9973,1.0
P67775,Q92572,0.8854,1.0,0.2615,0.8546
P41240,Q92730,0.4645,0.9742,0.6466,0.7879
P31150,Q9NQX6,1.0,0.6321,1.0,0.9508
Q96RJ3,Q12933,1.0,0.922,0.0835,0.5844
P04637,P10415,1.0,0.4234,0.4916,1.0
Q8N2W9,Q15796,0.6812,1.0,0.7902,1.0
P36897,P01137,1.0,0.942,0.925,1.0
Q9UJ41,Q9BYM8,0.2542,1.0,0.2156,1.0
O75175,Q8TAU0,0.861,0.0834,0.9814,0.6303
Q13546,O00220,0.7229,0.3147,0.9453,0.5827
O95983,Q96QF0,0.9029,0.7254,0.3483,1.0
P25311,P61769,0.9404,1.0,0.9938,0.9359
P41240,Q8TBX8,0.8793,1.0,0.9821,1.0
O15304,Q92633,0.2565,0.7403,0.7387,1.0
Q16763,P30260,1.0,0.9998,0.478,0.7408
P62879,P63096,1.0,1.0,0.7888,1.0
Q68DY1,Q93096,1.0,0.8965,0.452,1.0
Q15797,O15105,0.9891,1.0,0.1794,0.7168
Q05513,Q9Y624,1.0,0.9894,0.8191,0.9852
P02545,P04792,1.0,1.0,0.9844,0.2724
Q15797,P31273,1.0,0.4604,0.7369,0.4226
Q70SY1,Q9H6S3,0.0832,1.0,0.948,1.0
Q02535,Q9UDV6,1.0,1.0,1.0,0.9042
P84022,Q05516,1.0,1.0,1.0,0.7684
P31269,Q15796,0.8256,0.2262,0.9476,0.9716
Q9UKG1,P31749,0.9697,0.6519,0.9198,1.0
Q16526,Q9UKC9,0.5964,0.9679,0.9651,0.7893
P17036,Q9H6S3,1.0,0.968,1.0,1.0
P41587,O60896,1.0,0.8613,0.9358,0.9195
Q8IUC6,Q7Z434,1.0,0.9753,0.7427,0.3476
Q16828,Q70SY1,0.8643,0.6756,0.986,1.0
P42771,Q9UBD5,0.4874,0.8544,0.529,0.876
Q9UM11,P60228,1.0,1.0,0.9139,1.0
Q14186,Q8TAK5,1.0,1.0,1.0,0.6957
Q49AN0,Q9H469,0.2443,1.0,0.9965,1.0
Q8TAU0,Q9H6S3,0.158,1.0,0.8897,0.8343
Q16254,Q8TAK5,0.724,0.9722,1.0,1.0
P27361,P07948,0.4765,0.082,1.0,0.9875
P62879,Q8TAU0,1.0,0.7635,0.9817,0.599
Q16539,P28482,0.8404,1.0,1.0,1.0
P49841,P98170,1.0,0.369,1.0,1.0
P38936,P49736,1.0,1.0,0.6652,0.5822
Q99986,P84103,1.0,1.0,1.0,0.7036
P17036,Q70SY1,0.8756,1.0,0.4664,0.7289
Q01130,Q16539,0.862,0.6923,0.8824,1.0
P07948,Q03405,1.0,1.0,0.7085,0.8894
Q15466,Q92786,0.7372,0.7834,0.2512,1.0
P59190,Q15276,0.8629,0.7403,1.0,0.8169
P41587,Q9BQY9,0.6453,1.0,0.9544,1.0
P84022,Q01094,1.0,0.8956,0.7231,1.0
Q9UKG1,P20338,0.4585,1.0,1.0,0.9171
P45983,Q49A26,0.9552,1.0,0.5608,0.9877
P02545,Q07955,0.847,0.4286,1.0,0.6513
Q02535,Q92785,1.0,0.4263,0.4828,0.7678
Q53GS9,O95777,0.6269,1.0,0.4018,0.9734
O95983,Q9UJW3,0.9338,1.0,0.474,0.705
Q05513,P67775,1.0,0.7239,0.7631,0.9031
P62879,Q70SY1,0.403,0.1138,1.0,0.6272
P41240,Q9UHX1,0.5243,0.9915,1.0,1.0
P01137,P61586,1.0,1.0,0.8775,0.5109
Q02535,O75446,1.0,1.0,1.0,0.5757
Q00987,P50750,0.8736,0.9349,0.6127,0.5058
P06703,Q13546,0.6427,0.2734,1.0,0.0881
P24941,P29590,1.0,1.0,0.8832,1.0
P28482,Q15797,1.0,0.3739,0.9178,0.7438
P26368,P60842,1.0,0.8947,0.2872,0.8184
Q9H6S3,Q9UDV6,0.9503,1.0,0.4878,1.0
Q9BUZ4,O00244,0.4985,0.2689,0.9626,0.9806
Q96CV9,Q7Z434,1.0,0.8431,1.0,1.0
Q13485,Q15583,0.8814,1.0,1.0,1.0
O15105,P04637,1.0,1.0,1.0,0.6204
Q14186,Q16254,1.0,1.0,0.0949,0.3982
Q8TAU0,Q9H9D4,0.6049,0.3902,0.9786,0.3441
P18847,Q9H2S9,1.0,0.6664,0.8792,1.0
Q12933,Q8TDR0,0.9744,1.0,0.5614,0.7383
P04141,P15509,0.7565,0.5467,0.9465,1.0
P31150,Q14192,0.9792,0.9806,0.6954,1.0
Q02040,Q01081,0.9466,0.7387,1.0,0.9949
Q15910,Q07955,0.1503,0.6341,0.9738,0.142
P31150,Q93096,1.0,0.7624,0.986,1.0
P07196,P17661,0.9397,1.0,0.8309,1.0
Q99576,O43524,0.9942,1.0,0.5543,0.489
P18848,Q9UH92,0.888,0.081,1.0,1.0
P01100,P49736,1.0,0.8318,0.6756,0.9871
P04637,P31269,0.207,0.0813,0.9712,1.0
Q16828,Q93096,0.7484,1.0,0.7824,0.9696
P28482,Q8N5F7,0.7984,0.7456,0.8299,0.918
Q05516,O95983,1.0,0.6809,0.3609,0.6724
P27348,O43524,0.802,1.0,1.0,1.0
P25963,P36915,0.7835,0.0846,0.0832,0.711
Q92785,Q9UHR5,1.0,0.3524,1.0,1.0
Q99986,P04637,1.0,0.1601,0.8899,0.7128
P04150,P22087,1.0,0.5657,0.2837,1.0
P55854,Q9UKY1,1.0,0.4166,0.6437,0.8067
P26368,Q08170,1.0,1.0,0.4167,0.821
P08670,Q13330,1.0,1.0,0.2067,1.0
O75175,Q70SY1,1.0,0.8154,1.0,1.0
P41240,P05230,0.4331,0.8331,1.0,0.7216
P31150,Q9H6S3,0.9923,0.5086,0.5565,0.193
P08047,P23511,1.0,0.767,0.6916,0.8968
P18847,Q8TAU0,0.9422,0.7682,0.3574,0.9742
P62136,P78396,0.7002,0.3896,0.8119,1.0
P35222,Q14192,0.4355,0.9758,1.0,0.8416
Q9NZQ7,P26038,0.8576,0.3331,1.0,0.7869
Q86Y07,P51452,0.9404,0.5007,0.6491,0.4577
P07196,P21246,0.9974,0.6495,0.7059,0.9821
O60936,Q01130,1.0,1.0,0.901,1.0
Q07021,Q13952,0.8547,0.9476,1.0,0.7276
P18847,Q13547,1.0,1.0,0.9998,1.0
P35222,P04792,0.8623,1.0,0.8679,0.5623
P01137,P17980,0.5188,0.9597,0.4989,0.872
Q92844,P48730,1.0,1.0,0.5403,0.9927
P28482,P11473,0.7865,0.5447,0.8508,1.0
O60683,Q92968,1.0,0.6985,0.7875,0.3649
Q05516,Q96QF0,0.5608,1.0,0.7862,0.3776
P20338,P21731,0.8799,1.0,1.0,0.8252
P31150,Q92785,0.7192,0.9995,0.6473,0.6136
P30260,P20226,1.0,1.0,1.0,0.4343
P49736,P31949,0.3869,0.9831,0.7975,0.1694
P51149,Q16891,0.3937,0.0816,1.0,0.5227
P18848,Q02535,0.6974,0.7936,0.1434,0.3033
P51693,Q7L311,1.0,0.9609,0.8308,0.8659
Q15796,P19793,0.8505,0.9919,1.0,1.0
O00623,Q92968,0.3393,1.0,1.0,0.5374
P49736,P49207,1.0,1.0,0.5586,1.0
Q8TBX8,Q9NQX6,1.0,1.0,0.4701,0.7701
P62879,Q9NQX6,1.0,1.0,0.6987,0.8836
P04792,Q96CV9,1.0,1.0,0.5597,0.6422
Q07021,Q05513,0.931,1.0,0.8883,1.0
P24941,Q9UBD5,0.8403,0.8685,0.8354,0.6891
P51572,P10415,0.9902,1.0,0.5121,1.0
O75414,P04637,1.0,0.4194,0.9794,0.2336
Q14192,Q02535,0.9341,0.3426,0.2774,0.6823
P04792,Q5T3J3,0.6903,0.3006,1.0,1.0
P25963,P41240,0.3772,0.8973,0.7582,1.0
P13631,Q15466,1.0,0.6943,0.5768,0.8852
P10828,Q92786,1.0,0.7384,0.6783,1.0
P35240,Q92558,0.8385,0.9574,0.7225,1.0
Q9UBP5,Q92575,0.8735,0.7827,1.0,0.64
O43559,P61587,0.7877,1.0,0.8857,1.0
Q86XR8,P05230,1.0,0.5686,1.0,1.0
Q07817,Q9UKY1,1.0,0.1247,0.9026,1.0
P15531,Q13232,1.0,0.6528,1.0,1.0
P36915,Q92785,0.9842,1.0,0.9605,0.0878
P26641,Q9H213,0.1259,0.5714,0.368,0.3485
Q93096,Q9UH92,0.7422,0.9954,0.7252,0.3448
P51677,P17252,0.7073,0.9941,0.6642,1.0
Q14192,P41240,0.0819,0.876,0.0889,1.0
P26368,P26038,0.8653,1.0,1.0,0.7072
Q8TBX8,Q9UHX1,1.0,0.4915,1.0,0.5434
Q96B97,Q92956,0.8699,0.8185,1.0,0.7979
P84022,Q9UM13,0.081,0.7638,0.7089,1.0
P36915,Q9UH92,1.0,1.0,0.9943,0.4398
Q13485,Q9BR65,1.0,1.0,1.0,1.0
O95361,Q01094,1.0,0.787,0.619,0.971
P38936,Q9UHX1,0.3416,1.0,1.0,0.7237
Q9NY72,Q9UBY5,1.0,0.7676,0.5295,1.0
Q05513,P31946,0.7494,1.0,1.0,1.0
P25490,O75446,0.5704,1.0,1.0,0.7129
P08670,P25963,0.9916,1.0,0.4021,1.0
Q8TBX8,Q9UHR5,1.0,0.1967,0.8858,0.6731
P17252,P25963,0.8416,0.9732,0.9045,1.0
Q15583,P05067,0.1146,1.0,0.3588,1.0
P24385,P38936,1.0,0.5771,0.3653,1.0
P63162,Q13363,0.1972,0.6375,0.6947,0.0891
O75400,P21246,0.8526,0.8345,0.8324,1.0
Q9UI95,P62873,0.8472,1.0,1.0,1.0
P17980,P42771,0.6172,1.0,0.8253,0.2888
Q93096,Q9UHX1,1.0,0.897,0.1467,0.1914
P26641,Q5T3J3,1.0,1.0,0.8654,0.6876
Q9H9D4,Q9UHX1,1.0,0.8832,1.0,0.3654
P18847,Q9UH92,1.0,0.6424,0.9447,1.0
P25963,Q93096,0.9779,0.7281,0.9729,1.0
P62873,Q6Y2X3,0.4382,1.0,0.5439,0.9682
P15976,Q13547,0.5639,0.8004,1.0,0.7945
P38936,P63244,0.8163,0.4969,0.8583,0.6293
P17036,Q9UHR5,0.9931,1.0,0.2484,0.702
P23297,P25815,0.2608,0.3049,0.765,1.0
Q8NEU8,P51149,0.9013,0.3335,1.0,1.0
P15531,Q00987,1.0,1.0,0.7095,0.978
Q04771,P05111,0.9961,1.0,1.0,0.5371
Q8N5F7,Q13546,1.0,0.6483,1.0,0.4929
Q08117,O15379,0.671,1.0,0.2619,1.0
P60228,Q8IUI8,1.0,1.0,1.0,0.8874
P08621,Q8N5F7,1.0,0.5393,0.7941,1.0
P17661,P23297,1.0,0.8759,0.6393,0.4965
Q9UH92,Q9UHR5,0.9782,1.0,0.9701,0.9303
Q5T3J3,Q7L311,0.949,0.4101,0.7451,1.0
P31946,Q13309,0.983,1.0,0.7374,0.8159
Q9UM11,P17980,0.9665,0.603,0.87,0.3944
O60936,Q07955,0.8575,1.0,1.0,0.7331
P10276,Q00987,0.6305,0.5987,0.4274,0.9305
P28482,P24385,0.1819,0.933,0.6298,1.0
O75175,Q9UHX1,1.0,1.0,0.7863,0.8832
P24941,P60228,0.083,0.6431,1.0,1.0
Q68DY1,Q9UHX1,0.4706,0.3807,0.9482,0.9517
P28328,Q04724,1.0,1.0,0.5613,0.4791
P26641,Q16891,1.0,0.8173,1.0,0.9871
O14640,P48729,0.895,0.5481,1.0,1.0
P25963,Q92730,0.7496,1.0,0.2445,0.328
P42771,P29590,0.7122,0.3097,0.7115,0.4675
P43403,Q6PIZ9,1.0,0.6782,0.9728,0.9708
O75400,Q9H213,0.3255,1.0,0.972,1.0
Q01094,Q06546,0.7297,0.412,1.0,0.6081
Q13485,Q13547,0.9758,0.1429,0.0867,1.0
Q02535,Q9H2S9,0.9776,0.9872,0.7356,0.0857
O60936,P63162,0.714,1.0,0.8747,0.15
P18847,P36915,1.0,0.7958,1.0,0.6456
P17980,P04637,0.7536,1.0,0.937,0.7382
P41240,Q8N2W9,1.0,0.8338,0.2295,1.0
P60981,Q9Y2Q3,1.0,1.0,1.0,0.1862
P49841,P08621,0.5308,1.0,0.7666,1.0
Q8IUC6,Q13077,0.9972,1.0,0.8605,0.995
O75414,P05067,0.6633,1.0,0.848,1.0
P15976,Q13077,0.7152,1.0,0.531,0.6821
Q99986,P55209,0.5129,1.0,0.4051,0.8498
O00623,O60683,1.0,1.0,1.0,0.9921
P84022,P36897,0.0868,0.5774,0.6116,0.7688
P25815,P31269,0.9086,1.0,1.0,0.8122
P06493,O75496,0.9775,0.9764,1.0,0.7342
P17036,Q93096,0.8348,0.6756,0.722,1.0
O75175,Q9H2S9,0.5146,0.7437,1.0,0.9732
P04792,Q9BUB5,0.983,0.8808,0.8004,1.0
P04141,P26951,0.8884,0.763,0.9932,0.8253
Q8TDR0,Q9BUZ4,1.0,0.561,0.3957,0.5747
Q15796,P48730,0.8349,0.5437,1.0,1.0
Q05516,P06493,0.0812,0.3403,0.9864,0.9935
Q96EV8,P48729,1.0,0.7793,1.0,1.0
P18848,Q16828,0.9617,0.0836,0.8649,0.4299
P36915,Q16828,1.0,0.6103,0.438,0.8028
Q92730,Q9H6S3,1.0,1.0,0.8119,0.7598
Q16828,Q68DY1,0.4124,0.7876,0.889,1.0
P62879,Q6Y2X3,0.7934,1.0,0.5587,1.0
P18847,Q14192,1.0,0.5729,1.0,0.7854
Q12933,Q9UKG1,0.7237,0.305,0.8002,0.8857
P38936,P11802,1.0,0.3841,1.0,0.4414
O15116,O94906,0.7678,0.6807,1.0,0.8133
Q9UDV6,Q9NQX6,0.9849,0.0825,0.6192,1.0
Q13133,P42224,1.0,1.0,1.0,0.5473
O75175,P62879,0.7762,0.815,1.0,1.0
Q06587,P25490,0.0823,0.5809,1.0,1.0
P06703,P23297,1.0,1.0,0.993,0.9825
P04637,Q9UKY1,0.5082,1.0,1.0,0.8499
O75190,P02533,1.0,1.0,0.7503,1.0
Q70SY1,O15492,0.5162,0.6662,1.0,1.0
P17036,Q92730,1.0,0.6043,0.6968,1.0
P63165,Q9Y2Q3,1.0,1.0,0.677,0.9194
Q16891,Q9H213,0.1255,1.0,0.942,0.9693
Q13239,Q6PIZ9,0.8527,0.3845,1.0,1.0
Q00987,P25490,0.0816,0.7997,0.8097,0.0887
Q92769,Q15750,0.9613,0.8787,0.6264,0.9016
Q96EV8,P62491,0.7967,1.0,1.0,1.0
P07196,Q5T3J3,0.8434,1.0,1.0,1.0
Q06481,P04233,0.8887,0.4861,1.0,0.5441
Q8N668,O00244,1.0,0.5101,1.0,0.3557
P62491,Q9NV70,0.6197,0.7165,1.0,0.5148
Q15910,Q13643,1.0,0.3813,0.6549,0.317
P84022,P08621,1.0,0.6627,0.5889,0.1042
P27918,P08174,0.3321,0.8405,0.5292,1.0
P04637,P48729,0.2841,0.7582,1.0,1.0
O75175,Q9NQX6,0.6255,1.0,0.5347,0.9574
Q9ULX6,P13861,0.2357,1.0,1.0,1.0
Q8TBX8,Q9H6S3,0.5874,1.0,0.9965,0.424
Q13077,Q96CA5,1.0,0.4607,0.7654,0.4309
P05787,P17980,0.6616,1.0,0.6837,1.0
O75558,Q13643,0.7548,0.9294,0.624,1.0
Q92786,P84022,1.0,0.9009,0.3221,0.321
P18847,Q68DY1,0.6887,1.0,0.8311,1.0
Q96CV9,P51149,0.9824,1.0,1.0,0.9292
P63162,P08621,1.0,0.9975,0.4013,0.919
Q9UM11,P02533,1.0,0.397,0.8099,0.4444
P23511,P20226,0.5751,1.0,0.9978,0.9885
Q49AN0,Q9UKC9,0.979,1.0,0.9709,0.7405
P49459,P04637,0.5395,1.0,1.0,0.6478
O43447,P98170,0.8586,0.8884,1.0,0.2803
P21246,P55854,0.6769,1.0,1.0,1.0
P08700,P32927,0.3301,1.0,0.9437,0.5564
Q9BR65,P11802,0.3659,0.4507,0.1532,1.0
P20338,P51572,1.0,0.0846,0.5939,1.0
Q00987,P04637,0.6074,1.0,1.0,0.9906
P25963,Q70SY1,0.7308,0.3227,0.7396,0.3687
P11802,Q13547,1.0,1.0,1.0,0.4558
O60936,Q01081,0.7968,0.873,0.6722,1.0
P06493,Q07817,1.0,0.8508,1.0,0.6604
Q9H2S9,Q9UHX1,0.7953,0.7482,1.0,0.5321
P18847,Q9NQX6,1.0,0.9715,0.476,0.6773
P51572,P08670,0.9852,1.0,0.9961,0.8151
P25963,P31150,0.9455,0.0826,0.6897,1.0
Q13485,P08621,0.4307,0.988,1.0,0.5766
P07196,P51693,0.8006,1.0,1.0,0.9944
Q14192,Q9H6S3,1.0,0.951,1.0,1.0
P36915,Q9UHX1,0.7673,1.0,1.0,0.3247
P36871,P25815,0.3867,1.0,0.9344,0.5824
P18847,Q92785,0.7923,0.4293,1.0,0.3819
Q70SY1,Q9UHR5,0.3669,0.5514,0.2893,0.9043
P62136,Q9HB40,0.5783,0.9851,0.2943,0.5635
Q70SY1,Q8TBX8,0.9906,0.6781,1.0,1.0
Q13347,Q04771,0.6762,0.6216,1.0,0.8679
P28482,Q14192,0.2246,0.5665,0.9147,0.6062
P24385,Q9UBD5,0.6314,0.829,0.7367,1.0
P05412,Q9UBD5,0.999,0.8848,0.8713,1.0
Q92730,Q92785,0.5997,1.0,1.0,0.0871
P21246,P26641,1.0,0.8267,0.3626,1.0
Q16526,Q8NEZ5,0.9213,0.9884,0.5282,0.8893
Q08170,Q49A26,1.0,0.6869,0.4998,0.4173
O15105,P31273,1.0,1.0,0.9528,1.0
P63244,Q04759,0.9405,0.8243,0.6246,0.5126
P49768,P10415,0.4364,1.0,0.3729,0.345
P30533,P05067,1.0,0.6699,0.2006,0.0886
O75190,P13647,0.6605,0.9798,0.9125,0.9676
O75175,Q02535,1.0,0.4443,0.638,0.8771
Q96I24,Q9UHX1,0.9132,0.6694,1.0,0.71
Q92785,Q9H9D4,0.5606,0.5424,0.9883,0.1092
Q16526,Q07021,0.9443,0.904,0.9028,0.8623
P25815,Q92786,0.3786,0.857,1.0,0.8911
P50750,Q12933,0.8663,0.7132,0.5622,0.827
P18847,Q8TBX8,0.0804,0.4507,0.6089,1.0
O43194,Q9UBU3,0.8854,0.7515,1.0,0.9455
P98170,Q13077,0.659,1.0,1.0,0.9147
P35240,Q9H204,0.0808,0.2713,0.626,1.0
Q9NV70,P61586,0.9344,1.0,0.3742,1.0
P04637,Q13571,0.7101,0.428,0.9398,0.4681
P48729,P48730,0.5183,1.0,1.0,0.7301
Q01094,P49841,0.5649,1.0,0.8064,1.0
Q13133,Q96RL1,0.7227,0.1844,0.3173,0.431
P01100,P15559,0.7007,0.6123,0.5065,0.8407
Q49AN0,P17980,0.7916,1.0,1.0,0.7494
P08047,Q13547,0.6732,0.6965,1.0,0.7691
P25963,Q9H6S3,0.0828,0.9262,0.7572,0.9498
Q9BUB5,P06730,0.0864,0.1338,0.4808,1.0
P26368,Q01081,0.792,0.483,0.5913,0.9504
P41240,Q68DY1,0.8974,0.9981,1.0,1.0
Q16828,Q9NQX6,0.0809,0.2665,1.0,0.8737
P62879,Q02535,1.0,1.0,0.4421,0.4166
Q14192,Q9UH92,0.5041,0.9491,0.6714,0.9297
P35548,P28360,0.7949,0.8676,0.5034,0.4712
P51572,P17706,1.0,0.9454,1.0,0.4757
P35222,P62136,1.0,0.8238,1.0,0.119
Q96B97,Q07955,0.8646,1.0,1.0,0.4907
Q9UKG1,P04792,1.0,1.0,0.8666,1.0
Q15910,Q92890,0.6924,1.0,0.9936,0.5104
Q15910,O95983,0.7206,1.0,1.0,1.0
P36915,Q68DY1,0.557,0.0817,0.5203,1.0
P01100,P05067,1.0,0.5431,0.8263,0.7407
P36915,Q9H6S3,0.753,0.8839,1.0,0.1457
P21246,P35222,0.9924,0.7247,1.0,0.8985
O14640,P49841,1.0,1.0,0.992,1.0
P10398,P10415,1.0,0.983,0.3,1.0
Q16828,P63096,1.0,0.6162,0.8241,0.2661
Q9UKG1,P51149,1.0,0.4435,0.4297,0.91
Q9UDV6,Q9UH92,0.6386,0.5597,1.0,0.9894
Q9H2S9,Q9H9D4,0.5904,0.8916,0.7645,0.3894
Q8TCT9,Q9Y6X1,0.8924,0.5706,1.0,0.5969
Q9HAV0,P50148,0.754,0.683,1.0,1.0
P07196,P26641,0.4732,0.8885,0.4581,0.3761
P27361,P67775,0.7517,0.387,0.4287,1.0
P31269,P84022,1.0,0.4656,1.0,1.0
P04637,Q8N2W9,0.4945,0.7724,1.0,0.7372
P35240,P20226,0.9434,0.658,0.9848,1.0
P25963,Q9UHR5,0.5941,1.0,0.9352,1.0
Q9NQX6,P67775,0.7552,0.7936,1.0,1.0
P28482,P84022,0.0815,0.7737,0.3986,0.5007
Q04759,P31749,1.0,0.3541,0.7535,0.6717
P05412,Q13547,0.9848,0.8556,1.0,1.0
P08621,P63244,0.758,0.9935,1.0,0.6008
Q14192,Q92730,0.9507,0.8348,0.8175,0.766
P62879,Q9H9D4,0.6617,0.9979,1.0,1.0
P31150,Q02535,0.8049,0.3887,0.6856,1.0
O60896,P56589,0.8057,0.6787,1.0,1.0
P31150,Q8TBX8,1.0,0.2903,1.0,0.2252
Q9H213,Q8N2W9,0.5478,0.9105,0.8649,0.6099
P21731,Q9UBU3,0.9808,0.8836,0.9816,0.5502
Q5TD97,Q9H9D4,0.7809,0.8477,1.0,0.5764
P31150,P26038,0.1033,1.0,1.0,0.9688
Q02535,Q93096,1.0,1.0,1.0,1.0
Q7L311,Q8N2W9,1.0,0.9816,0.9875,0.4477
Q9H2S9,Q9UH92,1.0,0.462,0.533,1.0
Q16763,P31749,0.77,1.0,1.0,0.4048
P49841,O43194,1.0,1.0,0.9673,0.7403
Q16254,P84022,0.8332,1.0,0.6812,0.8047
P04637,Q9ULX6,0.7579,0.9816,1.0,0.8737
P26641,Q7L311,1.0,1.0,0.1683,1.0
Q15466,P19793,0.7403,1.0,1.0,0.8321
P10276,O15379,1.0,1.0,0.3111,0.2786
Q15910,P27348,1.0,1.0,0.3917,1.0
P18847,Q16828,0.3578,0.7691,0.4285,1.0
P24385,P05787,1.0,0.8182,1.0,0.971
P15509,P08700,1.0,1.0,0.9664,0.7339
P25815,P07196,0.5856,1.0,1.0,0.5
Q00987,Q92769,1.0,0.6943,0.9245,1.0
P61587,Q13309,1.0,0.6958,1.0,0.7301
P31150,Q16828,1.0,1.0,0.8643,0.7928
P28482,P42771,0.0806,0.9644,0.9807,1.0
P45983,Q06481,1.0,1.0,0.678,0.9038
P18847,Q9UHX1,0.903,0.7516,0.5875,0.8796
Q68DY1,Q92730,1.0,0.4062,1.0,1.0
Q13571,Q6PIZ9,1.0,1.0,0.8411,1.0
Q8N668,P25963,0.4269,0.5199,0.8494,1.0
Q16828,Q9H2S9,1.0,0.5799,0.9827,1.0
P06493,P26951,1.0,0.4691,1.0,0.9983
Q13952,Q13547,0.7819,0.9097,1.0,0.4031
Q9BQY9,P48729,0.8307,1.0,1.0,0.858
Q12933,Q07955,0.2683,0.9527,1.0,0.3909
Q9NQX6,Q9UHR5,0.4117,0.8234,0.9885,0.3155
P10147,P08174,0.2097,0.9248,1.0,0.7942
P62879,Q14192,1.0,0.9787,1.0,0.6249
O00167,P15531,0.4985,0.6029,0.9163,0.835
Q8TBX8,Q9UH92,0.4241,1.0,0.9005,1.0
P42771,Q01094,1.0,1.0,0.9324,0.817
Q9UJW3,Q16254,0.717,0.7243,1.0,0.9456
Q15910,P84022,0.998,0.7373,1.0,0.1624
P18847,P41240,0.8448,0.2658,0.9335,1.0
Q8TBX8,Q92785,0.1741,1.0,0.9914,0.6343
Q7Z434,Q92575,1.0,1.0,0.8405,0.9986
O15116,O95777,1.0,0.3536,1.0,0.8718
Q13347,P60842,0.1803,0.6448,0.6806,0.8126
P04637,Q13232,1.0,0.8609,0.9578,0.0891
O75175,Q92785,1.0,0.7484,0.3935,0.6392
Q86XR8,P05787,0.8563,1.0,0.598,1.0
Q8TCT9,P04233,0.6828,1.0,1.0,0.9222
Q68DY1,Q9UH92,0.8118,1.0,0.8619,1.0
P19793,Q05516,1.0,0.6117,0.2016,1.0
Q15276,Q86XR8,1.0,0.9996,0.6583,0.5335
P55854,Q16891,0.8513,0.6962,1.0,0.77
P01137,P50750,0.3235,0.9492,1.0,1.0
P49841,Q9UHR5,1.0,0.5507,0.9379,1.0
P60842,P60228,0.8705,0.5037,0.7871,0.9717
Q16384,Q96I24,1.0,0.7602,0.959,0.9957
P18847,Q02535,0.476,0.9002,0.5546,0.6515
P35222,P62491,0.9807,1.0,0.9037,1.0
P23511,P38936,1.0,0.2475,0.9896,0.3347
Q9ULZ3,P29590,0.4435,1.0,0.3282,1.0
Q13643,Q08117,0.6157,1.0,0.4072,1.0
Q16828,Q8TAU0,1.0,0.9525,0.8658,0.9096
Q969F2,O14640,0.6883,1.0,0.9507,0.4361
Q92785,Q9H2S9,0.7743,1.0,1.0,0.7072
Q93096,Q9H6S3,1.0,0.3089,1.0,0.1909
Q49AN0,Q12933,0.73,1.0,0.9264,0.4993
P51693,Q9H213,0.3562,1.0,1.0,1.0
P62879,Q68DY1,0.7951,0.722,0.6631,0.909
P41240,P05412,1.0,0.5098,1.0,1.0
P11802,P07948,0.7758,0.6544,0.8642,0.946
Q9UM11,P60842,0.9573,0.9774,0.9898,0.553
O15379,P18847,0.3387,1.0,1.0,0.6235
P18848,Q92785,0.7991,0.3211,0.9739,0.4394
P17036,P31150,0.518,0.9121,1.0,0.9002
P63244,P63096,0.623,1.0,0.083,0.4748
P19793,Q96RL1,0.3826,0.4102,0.9942,0.9941
Q70SY1,Q9UHX1,1.0,0.8882,1.0,1.0
P04792,P60842,0.6066,1.0,1.0,0.4366
P10398,P49207,0.6778,0.1564,0.9807,0.7214
P62879,P42224,1.0,0.6466,0.9829,0.7831
Q8NEU8,Q8IUI8,0.1808,0.6085,0.6994,0.9974
P62879,Q16828,1.0,0.4975,0.5418,1.0
Q9NY72,P04637,0.9927,1.0,0.7043,0.7638
P19793,Q13133,0.7221,0.7106,0.6955,0.7409
Q8TBX8,Q9H2S9,0.9874,0.5652,0.3332,0.9535
Q9BR65,P28482,0.8229,0.9508,0.9711,0.5557
P42224,Q8TAE8,0.8187,0.7655,0.4924,0.8635
P01100,Q00987,0.9168,1.0,0.9758,0.4914
Q08117,Q01105,0.5689,0.5337,1.0,0.8453
P28328,P56589,0.6963,0.9768,1.0,0.9953
Q00987,Q14192,0.9288,0.9125,1.0,0.4543
O75190,P14136,1.0,0.9913,1.0,1.0
Q13158,Q8IUC6,0.2716,0.2511,1.0,0.9803
Q9H2S9,Q9UHR5,0.8525,0.7669,0.9384,0.8667
Q13642,Q5TD97,1.0,0.6411,0.2769,1.0
Q12933,P48729,0.2162,0.0834,1.0,0.4877
P10276,A6NIX2,1.0,1.0,0.7049,0.7034
Q92769,Q15942,0.5198,1.0,1.0,0.6009
P36915,Q14192,1.0,1.0,0.0826,0.7139
P41240,Q93096,0.7232,0.9581,1.0,0.5794
Q16828,Q92572,1.0,0.8733,0.9359,1.0
Q07812,P25490,0.4273,1.0,1.0,1.0
P25963,Q16828,1.0,0.8084,0.4345,0.9801
P28328,Q9Y5Y5,0.8474,0.612,1.0,1.0
Q12933,P63244,0.9869,0.6458,0.7736,0.535
Q12933,P27701,0.8296,0.6129,0.9136,0.7503
Q9UJW3,Q08117,0.7984,1.0,1.0,0.9759
Q8TAU0,Q9NQX6,0.9648,0.4549,0.5248,0.9635
P56589,Q99986,0.2253,0.7752,1.0,0.5622
Q02040,Q13247,0.3498,0.7625,0.6777,0.5723
O60936,P62995,1.0,0.1197,0.6196,0.7647
P84103,P26368,1.0,0.9908,1.0,1.0
Q13643,Q5JTD0,0.581,0.9965,0.5176,0.7971
Q70SY1,Q9NQX6,0.6375,0.7163,1.0,1.0
P18754,P04637,0.7523,0.3471,0.9558,1.0
Q56P03,Q16254,0.4846,0.7897,0.7592,0.0872
P51572,Q86Y07,0.873,0.6442,1.0,0.894
P51693,Q8N2W9,0.8205,1.0,0.7162,1.0
P06493,Q9UM11,0.6345,0.7774,0.921,0.9492
P10276,Q92769,0.9879,1.0,0.2546,1.0
P30533,P04637,0.8254,0.9646,0.3446,0.748
P17036,P62879,1.0,0.2362,1.0,0.7963
P10398,P63092,0.692,0.6124,0.7464,0.9778
Q05513,P60228,0.3326,0.7839,0.7026,0.6368
Q9BR65,P04637,1.0,0.5161,0.5919,0.819
P18848,Q9H6S3,1.0,0.8974,1.0,0.179
P26641,P55854,0.9978,0.4068,0.7309,0.7168
P08621,O43447,1.0,0.9076,0.7886,1.0
Q08117,Q13547,0.6044,0.9787,0.7388,1.0
P07196,Q9H213,1.0,1.0,0.8058,1.0
P05412,Q06481,0.7101,0.9847,1.0,1.0
Q9BUZ4,O43559,1.0,0.4176,1.0,0.1377
Q9NR31,Q15797,0.865,0.3811,0.4376,0.9821
P04150,P62873,1.0,1.0,0.7402,0.2947
Q68DY1,Q8TAU0,1.0,0.2736,1.0,0.7261
Q9BR65,Q16539,0.3646,0.987,0.4424,0.5897
P63096,Q6Y2X3,0.363,1.0,0.5903,0.8813
Q9H9D4,Q02535,0.8769,1.0,0.9482,0.7442
P25963,Q8TAU0,1.0,0.8983,0.9063,0.465
Q13133,P24385,1.0,0.5547,0.6077,0.9942
P41240,Q92785,0.6045,1.0,1.0,0.8968
Q14192,Q9UHR5,1.0,0.9025,0.3681,0.3999
Q06546,P25311,1.0,0.9751,1.0,0.5537
P04792,P06730,0.758,0.3669,0.7774,1.0
P18847,Q70SY1,1.0,1.0,0.6907,1.0
P61073,P10145,1.0,0.0835,0.9388,1.0
Q07021,P36915,0.6707,1.0,1.0,1.0
P04156,Q9UM11,0.4273,0.7445,1.0,1.0
P25963,P62879,1.0,0.4754,1.0,0.5671
P49841,P19793,1.0,1.0,0.8921,0.9714
P26368,Q9UHR5,0.4452,0.9482,0.6897,1.0
O75558,P17980,1.0,0.6269,0.3961,0.6605
Q9BR65,P50148,0.6459,0.9561,0.8192,0.5046
O00623,Q9Y5Y5,1.0,0.8986,1.0,1.0
Q93096,Q9H9D4,1.0,1.0,0.5418,0.2189
Q9NZQ7,P61769,0.9815,1.0,0.8148,0.5493
Q9H204,P50750,0.2568,0.3731,0.7337,1.0
Q9UBB5,Q13547,0.4946,1.0,1.0,0.9094
Q7Z434,Q12933,0.8658,0.9166,0.7571,0.7267
P25815,Q9UJ41,1.0,0.6931,0.5364,0.955
P04637,P24385,0.5493,0.3771,0.4894,1.0
P17036,Q9H9D4,0.8396,0.795,1.0,1.0
P42229,P16410,0.5264,0.2823,1.0,1.0
Q15910,P22087,1.0,0.6802,1.0,0.7835
Q9H2S9,Q9NQX6,0.9476,0.6032,0.4399,1.0
P35548,P29590,1.0,0.5102,0.8976,0.8663
P25963,Q9UHX1,0.3098,0.6468,0.4911,0.9252
P17252,P63244,1.0,1.0,0.9306,0.482
P45983,P04637,1.0,1.0,0.6876,0.8527
Q92785,Q93096,1.0,0.5939,0.5754,0.5488
P26641,P51693,0.6101,0.6873,1.0,0.2399
P62879,Q93096,0.9921,0.7799,0.8867,0.7584
P02545,P31946,0.9922,0.4538,0.5874,1.0
Q14209,Q8TAK5,0.6918,0.9639,1.0,0.8346
Q96RE7,Q05516,0.6002,1.0,0.7561,0.2363
Q16828,Q9H9D4,0.9892,0.9162,0.3197,1.0
P10398,Q07817,0.9578,0.7242,0.975,0.0874
P18848,P31150,1.0,0.5392,0.8426,0.5209
P15559,Q00987,0.3609,0.855,0.6318,1.0
P18848,Q8TAU0,1.0,0.8158,0.8155,0.6902
P24941,Q15329,1.0,0.6534,0.507,0.8507
P31150,Q68DY1,1.0,0.7626,0.7677,1.0
O75175,Q9UDV6,1.0,0.4403,1.0,0.0883
P36915,Q9H9D4,0.3095,1.0,1.0,1.0
O14775,P05067,1.0,0.9042,0.883,1.0
O43447,O94906,0.9894,0.6656,0.7763,1.0
Q14192,Q8TAU0,1.0,0.3309,1.0,0.7812
P18848,Q9H2S9,0.6262,1.0,0.6058,1.0
P63244,Q7Z434,0.3752,0.9891,0.6812,0.7697
P38936,P55854,0.8042,1.0,0.499,1.0
P22681,Q13239,0.7564,1.0,0.1806,0.796
O15304,P04637,1.0,0.7757,0.2786,0.6913
Q86Y07,P04637,0.5372,1.0,0.8355,0.7472
P08670,Q7L311,0.2756,0.1416,0.7387,0.9337
Q92785,P67775,0.3587,0.3175,0.0828,0.6774
P21246,Q5T3J3,1.0,0.6248,0.8602,1.0
Q05513,P60842,0.955,1.0,0.0822,0.8459
Q96RE7,Q7Z434,0.4399,1.0,0.6731,0.8188
O60663,P05067,0.8562,1.0,0.7266,0.5802
P28482,Q86UR1,1.0,0.6491,0.8738,1.0
Q8TBX8,Q9UDV6,0.5954,0.9944,0.8008,0.6213
P31150,P41240,1.0,1.0,1.0,0.9459
P04150,Q8TAE8,1.0,0.9627,0.5283,0.7177
Q70SY1,Q8TAU0,1.0,1.0,0.9333,1.0
Q13330,Q00688,0.741,0.8723,0.645,0.609
Q16539,P08047,1.0,1.0,0.851,0.894
P04792,O75400,0.6869,0.2938,1.0,0.9782
P04156,P13861,0.6836,0.4672,1.0,0.4865
P04792,P08670,0.8359,0.8658,1.0,1.0
A6NIX2,O60663,0.3643,0.9962,0.986,0.5393
Q16828,Q9H6S3,1.0,1.0,1.0,1.0
P04637,Q96I24,1.0,0.7671,1.0,0.8206
Q99909,Q9Y2D8,0.5507,1.0,0.3666,1.0
Q07955,Q49A26,0.9356,0.9756,1.0,0.549
P41240,Q9UH92,0.9108,1.0,0.5261,0.3648
Q9Y2D8,Q15750,0.841,0.0825,0.8378,0.8083
P23297,P31949,0.167,0.1025,1.0,0.6932
O43447,Q53GS9,0.9715,1.0,1.0,1.0
P49459,P50750,0.718,1.0,0.4711,0.474
P19793,Q92786,0.9388,1.0,0.8614,0.6503
O14775,Q6Y2X3,1.0,0.1052,0.4026,0.588
Q13547,Q00688,0.9632,0.7331,0.6673,0.1269
P49459,P98170,0.9214,0.5647,0.8456,0.9978
Q9NQX6,Q9UH92,0.9618,0.5465,0.8619,0.0966
Q16526,Q9H469,1.0,0.7516,0.3469,0.9621
O00220,P06493,1.0,1.0,0.8519,1.0
P18848,Q9UHX1,1.0,0.1784,1.0,0.9246
P42771,P24385,1.0,0.7532,0.7595,0.9419
Q92730,Q9UH92,1.0,0.825,0.6588,0.5882
P27361,P04637,0.9882,0.834,1.0,0.484
O00220,Q04771,0.5753,0.7928,0.2316,0.4889
P04233,Q13347,1.0,0.5162,0.4951,0.9912
Q02535,Q9UHR5,1.0,0.0816,1.0,0.889
Q9H6S3,Q9UH92,0.7845,1.0,0.7674,0.971
Q8TAU0,Q92785,0.6414,1.0,1.0,0.8716
P24941,Q02535,1.0,0.1754,1.0,0.3688
P36915,Q8TAU0,1.0,0.2776,1.0,1.0
P63146,Q15942,0.0816,0.9771,1.0,0.3897
Q5TD97,P27918,1.0,0.9906,0.3352,0.5461
Q9UM11,P24385,1.0,1.0,1.0,0.6431
P01100,P35452,0.7821,0.931,0.7236,0.8668
Q93096,Q16539,1.0,0.7416,1.0,1.0
P50750,Q15796,0.7633,0.7119,0.5138,0.2796
P63165,Q16763,1.0,0.7972,0.7628,0.9215
P02545,Q06330,1.0,0.7603,1.0,0.5827
Q9UM11,P26641,1.0,0.4626,1.0,1.0
O75400,P55854,0.9176,0.9415,1.0,1.0
Q05516,P15976,1.0,1.0,1.0,0.9065
Q00987,O15379,0.7291,0.6325,0.9628,0.9372
P31150,Q9UHR5,0.7185,0.0984,1.0,0.7631
P18847,P25963,0.7359,0.7516,0.5615,1.0
P25963,Q9NQX6,1.0,0.8715,0.6358,1.0
P38936,P08670,1.0,1.0,1.0,1.0
Q13485,P15172,0.9446,0.9747,0.3014,0.4745
P27361,P08047,0.9663,0.5043,1.0,0.716
P18848,P62879,0.4866,0.9572,1.0,1.0
Q93096,P05067,0.2559,0.7784,0.5031,0.9324
P84103,P62995,0.8234,0.8724,0.9029,0.8814
Q02040,Q07955,0.9933,1.0,0.659,0.7364
Q9H6S3,Q9H9D4,1.0,1.0,0.3292,0.5921
P49207,P06493,0.8904,0.8082,1.0,0.9375
Q13485,Q9UM13,0.5251,0.558,0.3578,1.0
P04637,Q07812,0.8997,0.2469,0.4216,0.6182
P32927,P04141,0.6059,0.7895,0.9074,0.7774
Q13643,P84022,1.0,1.0,0.4628,0.7354
Q9H6S3,Q9NQX6,1.0,0.1832,1.0,0.9705
Q9H213,Q9UKY1,0.0812,0.7162,0.5322,1.0
P30533,Q8TBX8,0.9744,0.501,1.0,1.0
P45983,P31749,0.9578,0.5388,0.9824,0.4028
P63146,P63165,0.4585,1.0,0.9859,0.9457
P63092,P62879,0.5746,0.7191,1.0,0.7106
Q15750,Q9BYM8,0.9231,0.9036,0.5252,0.8489
Q05513,Q96IZ0,0.8461,1.0,1.0,0.5908
Q49AN0,Q8NEZ5,1.0,1.0,0.9899,1.0
P15976,Q05513,1.0,1.0,1.0,0.7779
P51965,P63165,0.9891,1.0,1.0,0.8814
Q9Y294,Q16254,1.0,1.0,1.0,1.0
P26038,Q15080,1.0,1.0,1.0,1.0
Q92844,P49841,0.4244,0.7076,1.0,0.8779
O75190,P08670,1.0,0.9799,0.4459,0.6917
Q7Z6M1,Q9BR65,0.983,0.7811,1.0,0.2314
Q00987,P18847,0.6029,1.0,0.5481,1.0
O75558,Q14192,0.3302,0.899,0.7113,0.9361
Q8TAU0,Q9UH92,0.7551,1.0,0.9863,0.3539
O75175,P36915,0.5805,1.0,1.0,0.7666
P21246,Q9H213,0.7198,1.0,0.6373,0.9791
P55854,Q5T3J3,1.0,0.5388,1.0,1.0
Q96RJ3,O75888,0.7095,1.0,0.5256,0.7337
P41587,P61073,1.0,1.0,1.0,0.5121
Q16763,Q9UKT4,1.0,1.0,0.8174,1.0
P04637,P55854,0.1862,1.0,0.4187,0.8591
Q9UKG1,P62491,0.2674,1.0,0.611,0.7599
Q68DY1,Q9UDV6,0.0815,0.7434,0.8214,1.0
Q14192,Q5T3J3,0.1047,0.8551,0.9224,1.0
P31946,P10398,1.0,0.7248,0.985,0.4023
P21246,Q9UKY1,0.366,0.1907,0.0831,1.0
P18848,Q70SY1,0.1938,1.0,0.9202,1.0
P35638,P01100,1.0,0.2279,1.0,0.9567
Q16828,Q8TBX8,0.806,0.9889,1.0,1.0
Q9NZQ7,P16410,0.6917,0.887,0.8516,0.971
P08047,Q9Y294,1.0,0.8122,0.6854,0.3449
P25815,Q9UK97,0.5772,0.6745,0.7936,1.0
P07948,Q6PIZ9,0.6276,1.0,0.9414,0.7116
P50750,P06753,1.0,0.8858,0.9833,0.8115
O75175,P25963,0.9623,0.8203,0.4714,0.578
O75190,Q9H6S3,0.6752,0.9919,0.9877,0.7513
P17036,Q9H2S9,0.7712,1.0,1.0,0.6834
Q07699,Q9NY72,0.5314,1.0,1.0,1.0
Q06330,P20226,1.0,1.0,0.565,0.8313
P18848,P36915,1.0,1.0,0.6595,0.2439
O75175,P18847,0.9355,1.0,1.0,1.0
Q68DY1,Q9NQX6,1.0,1.0,0.952,1.0
Q13547,P04792,0.7925,0.731,0.7443,0.5273
O60683,P56589,0.7068,0.4494,0.9493,0.64
P18848,Q92730,1.0,1.0,1.0,0.4922
O75558,Q13642,0.7051,0.8207,0.2523,0.5288
Q92769,O15105,0.5657,1.0,0.903,1.0
Q15796,Q15797,0.9766,1.0,0.7764,0.6624
P15514,Q969F2,0.6104,0.8606,0.9146,0.316
Q15910,Q13363,0.3819,0.5205,0.5981,1.0
Q93096,Q9UHR5,1.0,0.7971,0.6964,1.0
Q13158,O60936,0.3151,1.0,1.0,0.0891
P61587,Q8WU20,0.5348,1.0,0.8546,0.8731
P26368,P22087,1.0,0.7836,0.9209,0.7114
Q16828,Q92730,0.0824,0.3405,0.8668,0.4272
Q70SY1,Q9H9D4,1.0,1.0,1.0,0.9913
Q70SY1,Q9UH92,1.0,1.0,0.9097,0.9526
P56589,P02545,0.1116,0.982,1.0,1.0
P62879,Q92785,0.3502,1.0,0.7098,1.0
O60683,Q9Y5Y5,1.0,1.0,0.9348,0.7784
Q9UBB5,Q9UJW3,1.0,1.0,0.8762,0.9888
Q92730,Q9H2S9,0.5815,1.0,0.8246,0.6417
P02545,Q8N668,1.0,0.8931,0.6934,1.0
Q9H9D4,Q9UH92,0.8782,0.7884,0.9371,1.0
P04792,Q92890,0.6337,0.8784,0.7143,0.5677
P51572,Q07812,1.0,0.0833,0.3003,1.0
Q99576,P05412,0.6725,0.4198,0.4446,0.9028
O00716,Q8TAK5,0.8304,1.0,0.4806,0.92
P41240,O15492,0.2506,0.9865,0.9943,0.9867
Q8TBX8,Q93096,0.526,1.0,0.7985,0.9943
Q68DY1,Q8TBX8,0.3358,1.0,1.0,0.6135
Q02535,Q70SY1,1.0,0.8865,0.9879,1.0
Q92785,Q9UHX1,1.0,0.8068,0.5885,0.4805
O43290,O43447,0.486,0.4468,0.0847,0.8637
P07196,Q7L311,0.4128,0.9621,1.0,0.8222
Q00987,P24385,1.0,0.9777,1.0,0.5783
Q8TAU0,Q9UHR5,0.9052,0.4025,1.0,0.667
Q92785,Q9NQX6,1.0,1.0,1.0,1.0
Q07817,Q07812,0.62,1.0,0.4713,0.8117
Q06330,Q06587,0.9555,1.0,0.5637,0.733
Q68DY1,Q70SY1,0.8583,1.0,1.0,0.2535
Q9NY72,O60683,0.3785,0.6906,0.492,0.671
Q01094,O00716,0.5713,0.9579,0.1487,1.0
Q00688,Q00987,1.0,1.0,0.5273,1.0
Q92730,Q93096,0.7837,1.0,0.5559,1.0
P25963,Q9UH92,1.0,0.9745,0.838,0.086
Q96CA5,P98170,0.1787,0.6416,0.8816,0.8074
P17036,P18847,1.0,0.9464,0.9928,1.0
Q68DY1,Q02535,0.3472,0.9057,1.0,0.3866
P10242,P04637,0.593,0.6761,1.0,1.0
Q9H204,P26038,0.683,1.0,0.8925,1.0
O00238,P98170,0.0813,0.0832,0.8675,0.2744
P36915,Q9UHR5,0.8283,0.5904,0.4052,0.615
Q06330,Q96RE7,0.0824,1.0,0.5783,1.0
Q00987,Q01094,0.1981,1.0,0.765,1.0
Q14192,Q05516,0.8384,0.9799,0.1035,0.6775
P45983,Q13158,0.8651,1.0,1.0,0.6073
Q9Y6X1,P05067,1.0,1.0,1.0,1.0
P20226,Q13952,1.0,0.972,1.0,1.0
P61073,P61769,0.081,1.0,0.9769,0.3606
O15105,Q13363,0.6963,1.0,1.0,0.9718
Q9UH92,P05067,0.9457,1.0,0.1174,0.7532
Q6Y2X3,Q07021,1.0,0.7933,0.4237,0.5287
P18847,Q9H6S3,0.5782,1.0,0.2914,0.6282
P55854,Q9H213,1.0,0.5746,0.8998,0.3881
P30260,Q9UI95,1.0,0.4704,0.6479,0.4884
P49459,Q9UHX1,0.7077,0.9466,0.5406,0.9013
Q92890,Q13309,1.0,1.0,1.0,0.3797
Q9Y294,P62136,1.0,0.2787,0.9895,0.5789
Q01130,Q02040,1.0,0.912,0.5543,0.6663
P08047,P15172,0.9595,0.7948,0.0827,0.4202
Q8NEU8,P20338,1.0,0.7803,0.4165,0.5775
P35348,Q07699,0.9466,1.0,1.0,0.3254
Q13309,P24941,1.0,0.8183,0.8668,0.99
P17036,Q92785,1.0,0.9519,1.0,0.5562
O75400,P26641,1.0,1.0,1.0,1.0
Q02535,Q16828,0.1948,1.0,0.7354,1.0
Q14192,Q16828,0.5946,1.0,0.092,0.9904
Q9UDV6,P41240,0.6894,0.9897,1.0,0.459
Q9BR65,P49768,0.6377,1.0,0.9205,0.7163
Q8TBX8,Q9H9D4,0.9435,0.5076,1.0,0.8217
P30260,P67775,0.0824,0.7808,0.7314,0.7552
O75175,P31150,0.9875,0.3771,0.6459,0.479
P17036,P36915,0.3857,1.0,0.3609,0.619
Q06330,P04637,0.3203,0.9756,1.0,0.4961
P84103,Q02040,0.5476,1.0,0.2235,0.4288
P35222,P35638,0.9904,0.73,0.9679,0.9977
P26641,Q8N2W9,0.996,0.6877,0.9774,0.413
P08047,P20226,0.6395,1.0,0.2883,0.9868
Q92785,Q9H6S3,0.4491,1.0,0.743,0.936
P18848,Q9NQX6,0.4712,1.0,1.0,0.3266
P18848,Q68DY1,0.8244,1.0,1.0,0.6298
P36897,Q9BUZ4,0.5548,0.5895,0.683,1.0
P18847,Q9UHR5,0.7284,0.9813,0.6652,0.7544
P04637,P10145,1.0,1.0,1.0,0.6734
P41240,Q9H6S3,0.8997,0.8163,0.0841,0.6674
P04637,P51149,0.9841,0.6849,1.0,0.9699
P63244,P63092,0.989,0.9701,0.9812,1.0
P27037,P05111,1.0,0.3832,0.9336,1.0
Q99626,P20226,0.7015,1.0,0.9871,0.7345
Q14192,Q9NQX6,1.0,0.5623,1.0,1.0
Q49AN0,Q9UK97,1.0,0.3919,0.3625,0.6435
P31273,Q15796,1.0,1.0,0.1823,0.3915
P18847,P62879,0.0818,1.0,0.6233,0.547
P25490,Q15910,0.5765,0.1108,1.0,1.0
O75190,P05787,0.7877,0.5315,0.9371,0.4725
P07196,P55854,0.6392,0.8397,0.2863,0.4738
O00167,Q9BUZ4,1.0,0.6473,0.5654,0.5279
O75175,Q9UHR5,0.4011,0.9699,1.0,1.0
P24941,P27348,1.0,1.0,1.0,1.0
Q15797,Q9UM13,0.6041,0.4381,0.2605,0.9539
Q96B97,P04792,0.7242,1.0,0.6988,1.0
P14136,P05787,0.9826,0.5921,1.0,0.6225
Q07955,P04637,0.7588,0.9116,1.0,1.0
Q8TBX8,Q92730,0.438,1.0,0.9821,0.424
Q13547,Q00987,0.767,0.998,0.6546,1.0
Q9H2S9,Q9UDV6,1.0,1.0,0.7219,0.843
O75175,Q92730,1.0,0.9939,0.8796,0.4345
P17036,Q16828,0.7171,1.0,0.5484,1.0
P06493,P29590,1.0,1.0,0.9084,1.0
P35348,P35368,1.0,1.0,1.0,1.0
Q13547,P20226,0.4861,0.7926,1.0,1.0
O95361,Q9ULZ3,0.424,0.8491,0.9237,0.1904
P13861,P49841,0.7442,1.0,0.8241,1.0
Q13077,Q8TAE8,1.0,1.0,1.0,0.8372
Q02040,P26368,1.0,1.0,1.0,0.3976
P27361,Q49A26,1.0,0.4647,0.7743,1.0
Q16526,Q9UK97,1.0,0.6503,0.6385,0.4395
P31150,Q9UH92,0.7255,1.0,0.7608,0.8263
P15531,P04792,0.7237,0.6268,1.0,0.4149
Q7Z434,Q13077,1.0,1.0,0.6105,0.3641
Q96EV8,P48730,0.7403,0.5723,1.0,0.3962
P51677,P10147,0.083,0.6089,0.9811,0.4807
P17036,Q9UH92,0.8377,0.2988,1.0,0.1539
Q86UR1,Q15080,0.8921,0.847,0.5721,0.5187
P18848,Q93096,0.9896,0.6896,0.4928,0.7134
Q9Y2D8,P04637,1.0,0.0825,0.9478,0.9195
Q14186,Q01094,1.0,1.0,0.8267,0.8161
O75175,Q9UH92,0.7305,0.7921,1.0,1.0
P15172,Q01105,0.6359,0.9009,1.0,0.877
P17036,Q9NQX6,1.0,1.0,1.0,0.9365
Q68DY1,Q92785,0.7498,1.0,1.0,0.4365
P36915,P62879,0.0816,1.0,1.0,0.4653
P18848,P41240,0.7073,0.7553,1.0,0.9894
Q07817,Q7Z434,0.5899,1.0,0.8448,1.0
Q93096,Q9H2S9,0.7872,0.3667,1.0,1.0
O75496,P49736,0.8175,0.8827,0.5052,0.8534
P36915,Q02535,0.9744,0.1494,0.7293,0.3689
Q02535,Q9NQX6,0.8234,0.5005,1.0,1.0
O15492,P35368,0.9782,0.9462,1.0,0.5006
P06730,Q9UKV8,1.0,0.994,0.74,0.7854
Q13485,Q07812,0.4805,1.0,0.6767,0.9693
P17706,P31946,0.6961,1.0,0.1775,0.8574
P31749,P25963,0.3219,0.7972,1.0,1.0
P36897,Q13485,0.9772,0.969,1.0,0.6969
Q15276,P20338,0.7124,0.6801,1.0,0.8178
Q05513,P55209,1.0,0.7037,0.9866,0.8648
P41220,Q15942,0.7088,1.0,1.0,0.9679
P63165,P10242,0.931,0.8316,0.9096,1.0
P25963,Q14192,1.0,1.0,0.9528,1.0
P04637,Q9H469,1.0,0.5096,1.0,0.4811
P18848,Q00987,1.0,0.3809,0.7433,1.0
P36915,Q8TBX8,0.4216,0.9321,1.0,1.0
Q06547,Q15543,1.0,1.0,0.9517,1.0
Q07820,Q92843,0.1675,0.9753,1.0,0.5699
O75175,P41240,0.5091,1.0,1.0,0.6891
P41240,Q16828,1.0,1.0,0.1901,0.3902
Q06547,Q12933,1.0,0.8821,0.7591,0.8498
Q14209,Q14192,1.0,0.0858,1.0,1.0
Q13330,P25490,0.5826,1.0,0.759,1.0
Q5TD97,Q9UBP5,1.0,0.6933,0.5472,1.0
P41240,Q70SY1,0.8784,0.9343,1.0,0.1408
P24941,P63244,0.6444,1.0,0.5497,0.3379
Q7L311,Q9H213,0.7608,0.9836,1.0,0.9846
P31150,P62879,1.0,1.0,0.4994,1.0
Q92769,P13647,0.9062,0.5505,1.0,0.14
P06730,Q9HB40,0.128,0.3643,0.9731,0.7236
P07948,P17252,1.0,1.0,0.4108,0.584
Q06546,P25490,0.497,0.9788,0.9767,1.0
Q12933,Q86UR1,0.6049,0.9094,1.0,0.9439
Q9BUQ8,P83876,1.0,0.4911,1.0,0.5578
Q99986,P18754,1.0,0.3438,0.9288,0.6986
P02545,P17706,0.5178,1.0,0.3241,0.9966
Q93096,P13987,0.7899,0.7852,0.5998,0.9659
Q9NZQ7,P62491,0.7297,0.324,0.2495,0.9792
P18847,Q92730,1.0,1.0,1.0,0.3492
P84022,P05412,0.9858,1.0,1.0,0.7455
P20226,P01100,1.0,0.2008,0.4998,0.9815
Q49AN0,P27348,1.0,0.3884,1.0,0.7225
P62491,Q9UJ41,1.0,0.9841,0.8921,0.6903
Q9UKG1,P04637,1.0,0.7214,0.7566,1.0
Q14186,P78396,1.0,0.2917,1.0,1.0
P26038,Q92558,1.0,0.9869,0.8442,0.5322
P48729,P42224,0.7062,0.7358,0.8016,1.0
O60936,Q13247,0.8988,0.8094,0.6029,0.4615
Q16526,P60842,1.0,1.0,1.0,0.4827
Q68DY1,Q9H6S3,0.8577,0.7239,0.3783,0.9445
Q15796,O14640,0.6204,0.7719,0.6819,0.8447
P25490,P08047,1.0,0.0816,0.1056,1.0
Q16539,P42771,1.0,0.2546,1.0,0.6606
P17036,Q8TAU0,0.6543,0.0817,0.6669,0.7366
P31749,O43524,0.4147,1.0,0.6555,0.9189
Q93096,Q8NEZ5,0.5649,1.0,0.807,0.9148
O75190,P36871,0.5107,0.7892,0.3101,0.115
O75175,Q68DY1,1.0,0.3189,1.0,0.6032
Q16254,Q14209,0.3862,1.0,1.0,0.7977
P62879,Q9H2S9,1.0,0.6549,0.1806,0.6377
P17036,Q9UHX1,1.0,0.9984,0.8371,1.0
Q14192,Q93096,0.7202,0.7801,1.0,1.0
Q92844,P48729,0.7534,0.7741,0.9372,1.0
Q15910,P35226,0.9765,0.9398,0.2682,0.7503
P06493,Q01094,0.0805,1.0,0.6001,0.971
P17036,Q8TBX8,0.7475,0.9783,0.8368,0.7959
P31150,Q8TAU0,1.0,0.5801,0.9618,0.6651
P28069,P04150,1.0,1.0,1.0,1.0
O00716,Q14192,1.0,0.6748,0.363,0.2631
P10415,Q07820,0.8276,0.5112,1.0,1.0
Q13547,Q9ULX6,0.6459,0.9847,0.4033,1.0
P10828,O15379,0.0824,0.6866,0.9873,0.7084
P98170,Q13546,0.8504,1.0,0.445,0.5082
Q13642,P26368,0.6379,1.0,0.925,1.0
P31749,P31946,0.9903,1.0,0.8957,0.6955
O00220,Q13158,0.9483,0.9201,1.0,0.9714
Q07955,P05067,0.3068,1.0,1.0,0.3103
O15492,P35348,0.7847,0.3294,0.4931,0.6637
Q16828,Q92785,1.0,0.8718,0.9241,0.5458
Q15750,Q12933,0.4516,0.5387,0.8351,0.5769
Q13247,P62995,0.924,1.0,1.0,0.7128
Q07812,P17980,0.417,1.0,0.8793,1.0
P25963,P61586,1.0,1.0,1.0,0.8526
P28360,Q04724,1.0,1.0,1.0,0.9709
Q02535,Q9H6S3,1.0,0.4245,0.879,0.276
P21731,P62491,1.0,0.7254,1.0,0.5511
P11802,Q15796,0.795,1.0,1.0,0.4636
P42229,Q8TAE8,1.0,0.6966,1.0,0.2559
Q9UM11,Q07955,0.9986,0.2873,1.0,0.7542
P26641,Q9UKY1,0.7596,0.6536,0.813,1.0
P41240,Q8TAU0,0.4647,1.0,1.0,0.4389
P08621,Q13247,0.9895,1.0,0.1213,1.0
P38936,Q05516,0.8448,0.3859,0.0863,0.9262
Q02535,Q8TAU0,0.1601,1.0,1.0,1.0
P62879,Q9UHX1,1.0,0.4952,1.0,0.6864
P11802,Q9UBD5,1.0,0.2793,1.0,1.0
P01100,P48730,1.0,0.4062,0.769,0.6798
O60936,Q08170,1.0,0.8799,0.8715,0.7719
Q6Y2X3,Q9HAV0,0.5575,1.0,0.9781,0.7868
P62879,Q92730,0.6986,1.0,0.9811,0.527
Q99576,Q13547,1.0,0.6932,1.0,0.7265
P62136,Q13309,0.9143,0.4886,0.596,0.0888
Q16539,P11802,1.0,0.9904,0.9827,1.0
P49768,P36897,0.4408,1.0,0.0814,0.9197
Q92890,Q92575,0.4234,1.0,1.0,0.6849
P04637,P62995,1.0,0.9915,1.0,0.9923
Q92730,Q70SY1,0.6087,1.0,0.844,1.0
P67775,P63244,1.0,0.3052,0.0848,1.0
Q92633,Q92968,1.0,1.0,0.7645,0.8544
P06753,P60981,0.8643,0.1016,0.4009,1.0
Q92730,Q9NQX6,0.5356,1.0,0.3981,0.0893
P36915,Q9NQX6,1.0,1.0,0.3906,1.0
P26368,P19544,1.0,0.9424,0.5489,1.0
Q49AN0,Q9UKT4,1.0,1.0,0.5969,0.8593
P25963,Q68DY1,0.4512,0.6558,1.0,1.0
O15105,Q15750,0.3606,0.3213,1.0,0.6814
P62491,Q8WU20,0.6603,1.0,1.0,1.0
P62873,P16520,0.596,1.0,0.7635,0.972
P25963,Q8TBX8,1.0,1.0,0.8005,1.0
P04637,Q9UBD5,0.7625,0.5274,0.8183,1.0
O75175,P17036,1.0,0.9778,1.0,0.543
Q9H6S3,Q9UHX1,0.9782,1.0,0.4144,0.6781
O75175,Q9H6S3,0.8459,0.3072,0.7833,1.0
Q07812,P98170,0.3196,0.8278,0.9522,0.0875
P31150,Q9UHX1,0.9646,0.9932,0.534,0.7839
O75446,Q06330,1.0,0.9856,0.7857,1.0
P26368,P06703,0.9355,0.5058,0.9267,1.0
Q9NZQ7,Q00688,0.6321,0.8774,1.0,0.9949
P49736,P05412,1.0,1.0,1.0,0.9328
Q92558,P13861,0.967,0.6677,1.0,0.9658
P04637,P25311,0.471,0.0845,1.0,0.5525
P10276,P31749,1.0,1.0,1.0,1.0
P49841,Q07820,1.0,1.0,0.9839,0.3091
P31150,Q9H9D4,1.0,1.0,1.0,0.4856
Q9UM11,P48729,0.7348,0.6927,1.0,0.9945
Q5T3J3,Q9H213,1.0,1.0,0.7729,1.0
O43447,Q9BUQ8,0.498,0.518,0.3091,0.8234
P38936,Q04724,0.6528,0.5647,1.0,1.0
Q96RL1,P04637,0.1124,1.0,0.5711,0.8273
Q03405,P27701,0.7338,1.0,0.1361,0.5264
P17980,Q15750,1.0,0.2223,0.2219,0.9817
Q9NQX6,Q9UHX1,0.864,1.0,0.9738,0.9958
Q9UJW3,Q99626,1.0,0.9516,1.0,0.8436
P31150,Q9H2S9,0.154,0.3201,0.4134,0.4381
Q8TAU0,Q9H2S9,0.0957,0.3921,0.9221,0.7945
P49841,Q04724,1.0,1.0,0.8726,0.7859
P31150,Q9UDV6,1.0,0.6052,0.7868,1.0
Q70SY1,Q92785,1.0,1.0,0.2063,1.0
P24941,O75496,1.0,0.8077,0.0838,1.0
Q13309,Q16526,0.8831,0.8152,0.6068,0.9038
Q9UH92,Q9UHX1,1.0,1.0,1.0,1.0
P11473,Q96RL1,0.6014,1.0,0.8643,1.0
P24941,Q00526,1.0,1.0,1.0,0.4692
O15304,Q9UBY5,1.0,0.9716,1.0,0.6513
P41240,Q9H2S9,0.5718,1.0,0.8143,1.0
P18847,P31150,0.5035,0.7227,1.0,0.6096
Q68DY1,Q9H2S9,1.0,0.9116,0.2644,0.6844
P35452,Q13077,0.1769,0.7186,0.5126,0.8681
Q9UHX1,P08670,0.8324,0.8789,1.0,0.5702
Q06330,Q9UBB5,0.9128,1.0,0.5211,1.0
Q9H2S9,Q13363,0.5609,0.4523,0.9407,1.0
P55854,Q7L311,1.0,0.5917,1.0,0.8616
P59190,Q00987,0.4821,1.0,0.6697,0.9657
Q13309,Q49AN0,0.9868,0.7345,0.8237,1.0
O75175,Q93096,0.5423,0.7646,1.0,0.397
P41240,P62879,1.0,1.0,0.4478,1.0
Q70SY1,Q9H2S9,0.9153,0.7112,0.1453,1.0
P63244,P60228,0.8092,0.4413,0.3102,0.5553
P17036,Q68DY1,0.6754,0.7948,0.9023,0.7458
P31273,P84022,0.5524,1.0,0.5323,1.0
P04150,P62491,1.0,0.9716,0.4742,1.0
P27348,Q07955,0.9841,0.7943,1.0,0.7154
Q15796,P05412,0.9815,0.2046,1.0,0.6421
P17036,P41240,0.0813,1.0,0.5432,0.4492
P63096,P09471,0.9863,0.8694,0.6677,0.384
Q14192,Q8TBX8,0.9857,0.6553,1.0,1.0
P08621,Q02040,0.8086,0.6732,1.0,1.0
P06729,Q96B97,0.9797,0.6799,1.0,0.8048
O15105,P31269,0.8565,1.0,0.6425,0.5137
P49768,Q96IZ0,1.0,1.0,0.6628,0.5512
Q9NR31,Q92843,1.0,0.7214,0.9812,0.1586
Q15329,Q14209,1.0,1.0,0.8156,1.0
Q15329,Q8TAK5,0.7658,1.0,1.0,0.3031
Q9BR65,Q9NV70,0.7093,0.5264,1.0,0.7152
Q8TAU0,Q8TBX8,1.0,0.6639,1.0,1.0
Q56P03,P06753,0.2279,1.0,1.0,1.0
Q8TAU0,Q92730,1.0,0.5748,1.0,1.0
O75190,P17661,0.9354,0.9526,0.2936,1.0
Q16828,Q9UHX1,0.7539,0.7594,1.0,1.0
Q9BR65,Q8TCT9,0.9738,0.6574,0.8972,0.3324
O75888,Q92956,1.0,0.1248,0.5274,0.1994
Q92844,P05067,0.7819,0.7447,1.0,0.9792
P04233,P60842,0.8733,1.0,0.85,0.9144
Q9UM11,O00716,1.0,0.8364,1.0,1.0
P05067,P13861,0.5136,0.9473,1.0,1.0
Q9UI95,Q9Y6D9,0.7639,0.9656,0.5241,0.6298
P24941,Q15796,0.373,1.0,1.0,0.9756
Q96EV8,Q8TDR0,0.9571,1.0,0.9871,1.0
Q8TAU0,Q93096,1.0,0.7138,0.6987,1.0
P31269,Q13485,0.9818,1.0,0.855,1.0
P30260,P50750,0.8867,0.6163,0.4245,1.0
Q9Y294,P01100,0.6651,0.7282,1.0,1.0
Q93096,Q9NQX6,0.702,0.9772,0.7537,0.6005
O00238,P01137,0.8199,1.0,0.9038,1.0
Q05516,P04637,0.7388,1.0,0.4917,0.8639
Q15543,P20226,0.3656,1.0,0.9186,1.0
O75175,P18848,1.0,1.0,0.9555,1.0
Q92968,Q9Y5Y5,1.0,0.9785,0.407,1.0
Q8NEZ5,P04637,1.0,1.0,1.0,0.7303
P18847,Q9H9D4,0.3567,0.8012,1.0,0.9353
P51693,Q16891,0.6899,1.0,0.859,0.7439
Q68DY1,Q9H9D4,0.8283,0.7903,0.933,1.0
P16520,Q6Y2X3,0.3296,0.8904,1.0,1.0
O75175,Q16828,0.4578,1.0,1.0,0.3664
P49459,Q9NW38,0.3351,1.0,0.9778,0.9321
Q8TAU0,Q9UHX1,0.9765,0.9623,1.0,0.2605
P59190,Q9UJ41,0.5759,1.0,0.7865,0.6997
Q9Y2D8,Q16384,1.0,1.0,0.9149,1.0
P56597,Q15942,1.0,0.7558,0.6462,1.0
P31150,Q70SY1,1.0,1.0,0.4307,0.3502
P08621,Q9BUQ8,1.0,1.0,0.7687,0.932
P17980,Q16143,1.0,1.0,1.0,0.3966
Q9Y2D8,O14640,1.0,0.5706,0.6237,0.3839
Q9UKV8,P51452,0.7891,1.0,0.9752,0.2285
Q15466,P43403,1.0,0.7931,0.6886,1.0
P63244,P50148,1.0,0.7736,0.6669,1.0
P17036,P25963,0.8677,1.0,0.7476,0.8529
P49207,P17661,1.0,0.3999,0.9524,0.6669
P36915,Q9H2S9,1.0,0.5406,0.5181,0.8148
Q01105,P04150,0.9962,0.7078,0.8552,0.9212
Q92785,Q9UH92,1.0,1.0,0.5415,0.4852
Q14192,Q70SY1,0.7851,0.8671,1.0,1.0
Q02040,Q8N5F7,1.0,0.2426,0.9897,0.6181
Q9NY72,Q9Y5Y5,1.0,0.8957,0.6578,0.7832
P06703,P17980,0.8036,0.7768,0.5057,0.3404
Q9UM11,P04637,0.6884,0.7878,0.6157,0.8099
P31150,Q96I24,1.0,1.0,0.7073,1.0
Q13547,O15105,0.9679,1.0,0.9766,0.1774
P84103,Q07955,1.0,0.4308,0.3217,0.5374
P10276,Q92786,0.0831,0.859,0.9317,1.0
P61073,P55209,0.0819,0.1213,1.0,0.8637
Q92769,Q06587,0.7425,0.9842,0.8572,1.0
P31150,Q92730,1.0,0.9999,1.0,0.8323
O43739,P10276,0.9576,0.4147,1.0,0.6114
Q13077,Q8TDR0,0.9908,1.0,0.1187,0.913
P11473,P04637,1.0,1.0,1.0,0.358
P67775,P10415,0.6875,0.9005,0.7661,0.4499
Q92769,P62988,0.9691,0.9915,1.0,1.0
P41240,Q9UHR5,0.7346,1.0,0.7081,1.0
P08670,O95361,0.7705,0.6526,1.0,0.7097
Q9UM11,Q53GS9,1.0,0.4294,0.678,0.9782
Q92786,O15379,0.5479,0.3495,1.0,1.0
P25963,Q92785,0.9896,0.17,1.0,0.7517
Q14192,Q9H2S9,1.0,0.8207,0.7879,0.4506
P02545,P17036,0.9767,0.1152,0.8881,0.5844
O43524,Q13309,1.0,0.2203,0.6695,1.0
O75175,Q8TBX8,0.0799,0.9379,1.0,1.0
Q02535,Q8TBX8,0.8031,1.0,1.0,1.0
P84103,P06730,0.3488,0.302,0.3789,1.0
Q13347,P36897,1.0,0.9963,1.0,0.9861
Q68DY1,Q9UHR5,1.0,0.7931,0.8547,0.8075
P42771,O95777,0.773,1.0,1.0,0.8553
P21246,Q16891,0.3952,0.7727,0.0836,1.0
P78396,P24941,1.0,1.0,0.267,0.8618
P28328,Q92968,1.0,1.0,0.9524,0.7764
P06753,Q9Y6D9,0.4085,0.9896,1.0,0.0868
P17036,Q14192,0.761,0.4725,0.9629,0.9812
Q16254,P04637,0.8769,1.0,0.502,1.0
Q96QF0,Q16384,0.4689,1.0,0.9852,0.8566
P17706,P05067,0.7501,0.0837,1.0,0.6675
P17036,P18848,0.5293,1.0,0.3873,1.0
P49736,P06753,1.0,1.0,0.3626,0.9705
P07948,O15492,0.2323,1.0,0.8534,0.982
P10415,Q96CV9,0.9503,0.8608,0.163,0.6277
Q9UDV6,Q70SY1,0.7317,0.2829,0.9728,0.5609
P04637,P56597,0.3323,0.8697,0.6489,0.7061
P50750,Q00688,0.0798,1.0,1.0,1.0
P18847,Q93096,1.0,1.0,0.2735,1.0
Q7Z6M1,Q15942,0.9909,0.4401,1.0,0.2988
Q9UJW3,Q15329,0.8296,0.8959,0.9839,1.0
P21731,P63244,0.4478,1.0,0.999,0.5683
P36915,Q92730,0.5757,1.0,0.6389,0.676
P10398,P13647,0.7443,0.9018,1.0,0.605
Q16828,Q9UHR5,0.8428,1.0,1.0,0.9
P41240,Q9NQX6,0.9941,0.7764,0.7632,0.9111
Q92730,Q9UHX1,1.0,1.0,0.7581,1.0
P18848,Q14192,0.4782,0.5396,0.9798,1.0
P62879,Q8TBX8,1.0,0.8311,1.0,0.9856
Q16828,Q9UH92,1.0,0.8429,0.813,0.9485
P41240,P43403,1.0,1.0,0.7668,0.9366
P22681,P51965,0.7614,0.4878,1.0,0.7116
Q9H6S3,Q9UHR5,0.6161,0.9185,1.0,0.9992
P45983,Q9BUB5,0.1248,1.0,0.5022,0.7567
Q08117,Q9H9D4,0.749,0.7291,0.6433,0.8062
P04156,P27361,0.3069,0.6094,0.5512,1.0
Q92844,Q9BYM8,1.0,0.9872,0.9825,0.1577
Q96QF0,Q99909,0.2277,1.0,0.7154,0.8269
P15976,Q08117,1.0,0.9833,0.7982,0.4473
P27348,P31749,0.6663,0.5262,0.904,0.8455
P62879,Q9UH92,0.6675,1.0,1.0,1.0
P63092,Q07021,1.0,1.0,0.9841,1.0
P49841,P02545,0.2139,1.0,1.0,0.8566
P13631,Q96RL1,1.0,0.5656,1.0,0.9979
P25963,Q02535,1.0,0.6293,0.6899,1.0
P04156,P27348,0.6325,1.0,1.0,0.3717
P15531,P15976,0.3993,0.498,0.2409,0.834
P35222,P24941,0.9204,0.943,1.0,1.0
P18848,Q9H9D4,1.0,0.9274,1.0,0.4824
Q07817,P04792,1.0,0.8778,1.0,1.0
Q00526,Q9UBD5,1.0,0.7595,0.6845,1.0
P02545,Q15797,1.0,0.8417,1.0,1.0
Q92730,Q9UHR5,1.0,1.0,1.0,0.9712
Q15942,P19544,1.0,1.0,0.7201,0.9389
Q9UDV6,Q8TAU0,1.0,0.4865,0.4508,0.9446
Q8TAK5,Q06546,0.4353,1.0,0.9349,0.9766
Q92769,P26038,0.0845,0.6098,0.2921,0.4021
P22087,Q00688,0.6483,0.0827,0.7149,0.4125
P24385,Q15797,0.7217,0.8381,0.214,0.8141
P18848,Q9UHR5,0.2726,1.0,0.8698,0.266
Q13642,Q06330,0.3566,0.9314,0.0849,0.5527
P35368,P41220,0.7725,0.4255,0.8989,0.6928
Q16539,Q07817,0.5163,0.9808,1.0,1.0
P04637,Q15942,0.5532,1.0,0.5163,1.0
O15379,O15105,0.9986,0.2978,0.8081,1.0
Q07955,O43290,0.9443,0.5788,0.1982,0.6509
P22681,Q6PIZ9,0.0829,1.0,0.6162,0.219
Q06587,P04637,0.688,1.0,0.8353,0.5651
P20338,Q7Z434,1.0,1.0,0.6623,0.2028
P51693,P55854,0.9581,0.7769,1.0,0.2588
Q13347,P27037,0.6373,1.0,0.83,0.83
P49841,Q07817,0.3903,0.653,0.6217,0.6346
P49459,P63146,0.9821,0.8673,0.0848,0.6313
P63162,O95777,1.0,0.9942,0.7374,1.0
P15514,P05067,0.4386,0.3754,1.0,1.0
P06729,P13987,0.8276,1.0,0.8836,1.0
P62879,Q9H6S3,1.0,0.9097,1.0,1.0
Q92730,Q9H9D4,1.0,0.6366,0.4577,1.0
P36915,P41240,0.4281,0.2157,1.0,1.0
Q15910,P62995,1.0,1.0,1.0,0.4804
P62879,Q9UHR5,0.8491,1.0,0.2831,0.8774
Q16526,Q9UKT4,1.0,0.9162,0.1146,0.8069
P31749,Q16143,1.0,0.9123,0.6017,0.8029
P08670,P51693,1.0,1.0,1.0,1.0
P04150,P04637,0.8776,0.9921,0.3895,1.0
P07196,Q9UKY1,1.0,0.2246,0.6657,1.0
O60936,P84103,0.209,1.0,0.7977,0.4243
O15379,P25490,0.3984,0.507,1.0,1.0
Q06587,P35226,1.0,1.0,0.9474,0.9529
Q13642,P62873,1.0,1.0,0.3361,1.0
Q9NW38,Q9Y2D8,1.0,0.8268,1.0,0.7649
Q9BYM8,Q13546,0.9089,0.5861,0.5944,0.605
P62988,Q15276,1.0,1.0,0.1878,0.3526
P35222,P63244,0.9876,0.9926,0.6999,1.0
P41240,Q9H9D4,0.7871,1.0,1.0,0.8231
Q9UDV6,Q9UHX1,1.0,0.5446,0.8816,0.7738
Q9UKC9,P05067,1.0,0.4877,1.0,0.1859
